{
    "test_suite": [
        {
            "test_theta_yellow": {
                "test_case_status": "skipped"
            }
        },
        {
            "test_delta": {
                "test_case_status": "passed"
            }
        },
        {
            "test_iota": {
                "test_case_status": "errored"
            }
        },
        {
            "test_mu": {
                "test_case_status": "failed"
            }
        },
        {
            "test_alpha": {
                "test_case_status": "errored"
            }
        }
    ]
}