{
    "test_suite": [
        {
            "test_zeta": {
                "test_case_status": "skipped"
            }
        },
        {
            "test_tau_orange_tall": {
                "test_case_status": "failed"
            }
        },
        {
            "test_rho": {
                "test_case_status": "passed"
            }
        },
        {
            "test_iota_gold_soft": {
                "test_case_status": "passed"
            }
        },
        {
            "test_theta_blue_flat": {
                "test_case_status": "failed"
            }
        }
    ]
}